RunId;StartTime;EndTime;MTTD_Seconds;Action
CONTI_SIM_01;2026-06-16 22:31:02.610;PENDING;0;vssadmin_execution
CONTI_SIM_02;2026-06-16 22:31:13.566;PENDING;0;vssadmin_execution
CONTI_SIM_03;2026-06-16 22:31:24.437;PENDING;0;vssadmin_execution
CONTI_SIM_04;2026-06-16 22:31:35.291;PENDING;0;vssadmin_execution
CONTI_SIM_05;2026-06-16 22:31:46.120;PENDING;0;vssadmin_execution
CONTI_SIM_06;2026-06-16 22:31:56.989;PENDING;0;vssadmin_execution
CONTI_SIM_07;2026-06-16 22:32:07.837;PENDING;0;vssadmin_execution
CONTI_SIM_08;2026-06-16 22:32:18.870;PENDING;0;vssadmin_execution
CONTI_SIM_09;2026-06-16 22:32:29.688;PENDING;0;vssadmin_execution
CONTI_SIM_10;2026-06-16 22:32:40.568;PENDING;0;vssadmin_execution
CONTI_SIM_11;2026-06-16 22:32:51.384;PENDING;0;vssadmin_execution
CONTI_SIM_12;2026-06-16 22:33:02.176;PENDING;0;vssadmin_execution
CONTI_SIM_13;2026-06-16 22:33:12.981;PENDING;0;vssadmin_execution
CONTI_SIM_14;2026-06-16 22:33:23.971;PENDING;0;vssadmin_execution
CONTI_SIM_15;2026-06-16 22:33:34.797;PENDING;0;vssadmin_execution
CONTI_SIM_16;2026-06-16 22:33:45.637;PENDING;0;vssadmin_execution
CONTI_SIM_17;2026-06-16 22:33:56.444;PENDING;0;vssadmin_execution
CONTI_SIM_18;2026-06-16 22:34:07.305;PENDING;0;vssadmin_execution
CONTI_SIM_19;2026-06-16 22:34:18.091;PENDING;0;vssadmin_execution
CONTI_SIM_20;2026-06-16 22:34:28.962;PENDING;0;vssadmin_execution
CONTI_SIM_21;2026-06-16 22:34:39.941;PENDING;0;vssadmin_execution
CONTI_SIM_22;2026-06-16 22:34:50.807;PENDING;0;vssadmin_execution
CONTI_SIM_23;2026-06-16 22:35:01.625;PENDING;0;vssadmin_execution
CONTI_SIM_24;2026-06-16 22:35:12.676;PENDING;0;vssadmin_execution
CONTI_SIM_25;2026-06-16 22:35:23.507;PENDING;0;vssadmin_execution
CONTI_SIM_26;2026-06-16 22:35:34.454;PENDING;0;vssadmin_execution
CONTI_SIM_27;2026-06-16 22:35:45.311;PENDING;0;vssadmin_execution
CONTI_SIM_28;2026-06-16 22:35:56.199;PENDING;0;vssadmin_execution
CONTI_SIM_29;2026-06-16 22:36:07.006;PENDING;0;vssadmin_execution
CONTI_SIM_30;2026-06-16 22:36:17.869;PENDING;0;vssadmin_execution
